 INSERT INTO ADMINS (ADMIN_ID,ADMIN_NAME,ADMIN_PASSWORD,ADMIN_AGE,ADMIN_PHONE,ACCOUNT_CREATE_DATE)      
 VALUES ('A1','Adnan','Admin1','20','03332423183',SYSDATE);                                  

 INSERT INTO ADMINS (ADMIN_ID,ADMIN_NAME,ADMIN_PASSWORD,ADMIN_AGE,ADMIN_PHONE,ACCOUNT_CREATE_DATE)
 VALUES ('A2','Omer','Admin2','20','03172271605',SYSDATE);

 INSERT INTO ADMINS (ADMIN_ID,ADMIN_NAME,ADMIN_PASSWORD,ADMIN_AGE,ADMIN_PHONE,ACCOUNT_CREATE_DATE)
 VALUES ('A3','Zain','Admin3','19','03212321578',SYSDATE);







 INSERT INTO ADMIN_ADDRESS (ADMIN_ID,ADMIN_STATE,ADMIN_CITY,ADMIN_ZIP)                   
 VALUES ('BAHADURABAD','FRANCE','HUOSTON',22555);

 INSERT INTO ADMIN_ADDRESS (ADMIN_ID,ADMIN_STATE,ADMIN_CITY,ADMIN_ZIP)
 VALUES ('GULSHAN','FRANCE','HUOSTON',59783);

 INSERT INTO ADMIN_ADDRESS (ADMIN_ID,ADMIN_STATE,ADMIN_CITY,ADMIN_ZIP)
 VALUES ('LANDHI','FRANCE','HUOSTON',92822);






 INSERT INTO DEPARTMENT (DEPT_NO,DEPT_NAME,DEPT_LOCATION)                        
 VALUES ('DEPT1','SOFTWARE ENGINEERING','HUOSTON');

 INSERT INTO DEPARTMENT (DEPT_NO,DEPT_NAME,DEPT_LOCATION)
 VALUES ('DEPT2','COMPUTER ENGINEERING','HUOSTON');

 INSERT INTO DEPARTMENT (DEPT_NO,DEPT_NAME,DEPT_LOCATION)
 VALUES ('DEPT3','MECHANICAL ENGINEERING','HUOSTON');

 INSERT INTO DEPARTMENT (DEPT_NO,DEPT_NAME,DEPT_LOCATION)
 VALUES ('DEPT4','COMPUTER SCIENCE','HUOSTON');

 INSERT INTO DEPARTMENT (DEPT_NO,DEPT_NAME,DEPT_LOCATION)
 VALUES ('DEPT5','ARCHTUCTURE','HUOSTON');

 INSERT INTO DEPARTMENT (DEPT_NO,DEPT_NAME,DEPT_LOCATION)
 VALUES ('DEPT6','AGRICULTURE DESIGNING','HUOSTON');

 INSERT INTO DEPARTMENT (DEPT_NO,DEPT_NAME,DEPT_LOCATION)
 VALUES ('DEPT7','FOOD','HUOSTON');

 INSERT INTO DEPARTMENT (DEPT_NO,DEPT_NAME,DEPT_LOCATION)
 VALUES ('DEPT8','DOCTOR','HUOSTON');

 INSERT INTO DEPARTMENT (DEPT_NO,DEPT_NAME,DEPT_LOCATION)
 VALUES ('DEPT9','VIRTUAL REALITY ENGINEERING','HUOSTON');

 INSERT INTO DEPARTMENT (DEPT_NO,DEPT_NAME,DEPT_LOCATION)
 VALUES ('DEPT10','AI','HUOSTON');





 INSERT INTO EMPLOYEES_SHIFT(SHIFT_ID,SHIFT_NAME)       
 VALUES ('S1','MORNING');                                  

 INSERT INTO EMPLOYEES_SHIFT(SHIFT_ID,SHIFT_NAME)
 VALUES ('S2','EVENING');

 INSERT INTO EMPLOYEES_SHIFT(SHIFT_ID,SHIFT_NAME)
 VALUES ('S3','NIGHT');




 INSERT INTO EMPLOYEES(EMPLOYEE_NUMBER,EMPLOYEE_NAME,EMPLOYEE_PHONE,EMPLOYEE_SALARY,EMPLOYEE_COMM,EMPLOYEE_AGE,EMPLOYEE_DEPT_NO,EMP_SHIFT_ID) 
 VALUES (1,'OMER','03052295554',10000,NULL,26,'D10','S1');

 INSERT INTO EMPLOYEES(EMPLOYEE_NUMBER,EMPLOYEE_NAME,EMPLOYEE_PHONE,EMPLOYEE_SALARY,EMPLOYEE_COMM,EMPLOYEE_AGE,EMPLOYEE_DEPT_NO,EMP_SHIFT_ID)
 VALUES (2,'AFFAN','03332423182',20000,NULL,20,'D10','S1');

 INSERT INTO EMPLOYEES(EMPLOYEE_NUMBER,EMPLOYEE_NAME,EMPLOYEE_PHONE,EMPLOYEE_SALARY,EMPLOYEE_COMM,EMPLOYEE_AGE,EMPLOYEE_DEPT_NO,EMP_SHIFT_ID)
 VALUES (3,'TAHA','03332423184',70000,NULL,36,'D20','S2');

 INSERT INTO EMPLOYEES(EMPLOYEE_NUMBER,EMPLOYEE_NAME,EMPLOYEE_PHONE,EMPLOYEE_SALARY,EMPLOYEE_COMM,EMPLOYEE_AGE,EMPLOYEE_DEPT_NO,EMP_SHIFT_ID)
 VALUES (4,'ZAIN','03332423186',8000,4500,20,'D30','S1');

 INSERT INTO EMPLOYEES(EMPLOYEE_NUMBER,EMPLOYEE_NAME,EMPLOYEE_PHONE,EMPLOYEE_SALARY,EMPLOYEE_COMM,EMPLOYEE_AGE,EMPLOYEE_DEPT_NO,EMP_SHIFT_ID)
 VALUES (5,'ADNAN','03332423185',100000,NULL,46,'D10','S2');

 INSERT INTO EMPLOYEES(EMPLOYEE_NUMBER,EMPLOYEE_NAME,EMPLOYEE_PHONE,EMPLOYEE_SALARY,EMPLOYEE_COMM,EMPLOYEE_AGE,EMPLOYEE_DEPT_NO,EMP_SHIFT_ID)
 VALUES (6,'ANAS','03332423183',50000,8500,21,'D20','S2');

 INSERT INTO EMPLOYEES(EMPLOYEE_NUMBER,EMPLOYEE_NAME,EMPLOYEE_PHONE,EMPLOYEE_SALARY,EMPLOYEE_COMM,EMPLOYEE_AGE,EMPLOYEE_DEPT_NO,EMP_SHIFT_ID)
 VALUES (7,'WAHAB','03332423188',50000,NULL,24,'D30','S3');

 INSERT INTO EMPLOYEES(EMPLOYEE_NUMBER,EMPLOYEE_NAME,EMPLOYEE_PHONE,EMPLOYEE_SALARY,EMPLOYEE_COMM,EMPLOYEE_AGE,EMPLOYEE_DEPT_NO,EMP_SHIFT_ID)
 VALUES (8,'ISMAIL','03332423187',90000,NULL,56,'D40','S3');

 INSERT INTO EMPLOYEES(EMPLOYEE_NUMBER,EMPLOYEE_NAME,EMPLOYEE_PHONE,EMPLOYEE_SALARY,EMPLOYEE_COMM,EMPLOYEE_AGE,EMPLOYEE_DEPT_NO,EMP_SHIFT_ID)
 VALUES (9,'MUHIB','03332423189',60000,NULL,26,'D20','S3');

 INSERT INTO EMPLOYEES(EMPLOYEE_NUMBER,EMPLOYEE_NAME,EMPLOYEE_PHONE,EMPLOYEE_SALARY,EMPLOYEE_COMM,EMPLOYEE_AGE,EMPLOYEE_DEPT_NO,EMP_SHIFT_ID)
 VALUES (10,'ABDULLAH','03332423111',90000,NULL,23,'D10','S1');






 INSERT INTO EMPLOYEES_ADDRESS (EMPLOYEE_NUMBER,EMPLOYEES_STATE,EMPLOYEES_CITY,EMPLOYEES_ZIP)                      
 VALUES (101,'FRANCE','HUOSTON',75110);

 INSERT INTO EMPLOYEES_ADDRESS (EMPLOYEE_NUMBER,EMPLOYEES_STATE,EMPLOYEES_CITY,EMPLOYEES_ZIP)
 VALUES (102,'FRANCE','HUOSTON',76000);

 INSERT INTO EMPLOYEES_ADDRESS (EMPLOYEE_NUMBER,EMPLOYEES_STATE,EMPLOYEES_CITY,EMPLOYEES_ZIP)
 VALUES (103,'FRANCE','NEW YORK',88800);

 INSERT INTO EMPLOYEES_ADDRESS (EMPLOYEE_NUMBER,EMPLOYEES_STATE,EMPLOYEES_CITY,EMPLOYEES_ZIP)
 VALUES (104,'FRANCE','LAHORE',11200);

 INSERT INTO EMPLOYEES_ADDRESS (EMPLOYEE_NUMBER,EMPLOYEES_STATE,EMPLOYEES_CITY,EMPLOYEES_ZIP)
 VALUES (105,'FRANCE','HUOSTON',14140);

 INSERT INTO EMPLOYEES_ADDRESS (EMPLOYEE_NUMBER,EMPLOYEES_STATE,EMPLOYEES_CITY,EMPLOYEES_ZIP)
 VALUES (106,'FRANCE','NEW YORK',88700);

 INSERT INTO EMPLOYEES_ADDRESS (EMPLOYEE_NUMBER,EMPLOYEES_STATE,EMPLOYEES_CITY,EMPLOYEES_ZIP)
 VALUES (107,'FRANCE','LAHORE',11100);

 INSERT INTO EMPLOYEES_ADDRESS (EMPLOYEE_NUMBER,EMPLOYEES_STATE,EMPLOYEES_CITY,EMPLOYEES_ZIP)
 VALUES (108,'FRANCE','HUOSTON',75800);

 INSERT INTO EMPLOYEES_ADDRESS (EMPLOYEE_NUMBER,EMPLOYEES_STATE,EMPLOYEES_CITY,EMPLOYEES_ZIP)
 VALUES (109,'FRANCE','NEW YORK',88300);

 INSERT INTO EMPLOYEES_ADDRESS (EMPLOYEE_NUMBER,EMPLOYEES_STATE,EMPLOYEES_CITY,EMPLOYEES_ZIP)
 VALUES (110,'FRANCE','HUOSTON',75444);









 INSERT INTO EMPLOYEES_ATTENDANCE (EMPLOYEE_NUMBER,ATTENDANCE_STATUS)             
 VALUES ('101','PRESENT');

 INSERT INTO EMPLOYEES_ATTENDANCE (EMPLOYEE_NUMBER,ATTENDANCE_STATUS)
 VALUES ('102','ABSENT');


 INSERT INTO EMPLOYEES_ATTENDANCE (EMPLOYEE_NUMBER,ATTENDANCE_STATUS)
 VALUES ('103','LEAVE');

 INSERT INTO EMPLOYEES_ATTENDANCE (EMPLOYEE_NUMBER)
 VALUES ('104');



