CREATE TABLE SAILORS(
SID INT NOT NULL CONSTRAINT SAILORS_SID_PK PRIMARY KEY,
SNAME VARCHAR(32) NOT NULL,
RATING INT ,
AGE REAL
);


CREATE TABLE BOATS(
BID NUMBER(3,0) NOT NULL CONSTRAINT BOATS_BID_PK PRIMARY KEY,
BNAME VARCHAR(20) NOT NULL,
COLOR VARCHAR(10) NOT NULL
);

CREATE TABLE RESERVES(
SID INT NOT NULL ,
BID INT NOT NULL,
DAY DATE not null,
CONSTRAINT PK_RESERVES PRIMARY KEY (SID, BID, DAY),
FOREIGN KEY (SID) REFERENCES SAILORS(SID),
FOREIGN KEY(BID) REFERENCES BOATS(BID)
);

INSERT INTO SAILORS(SID,SNAME,RATING,AGE)
VALUES (22,'Dustin',7,45.0);
INSERT INTO SAILORS(SID,SNAME,RATING,AGE)
VALUES (29,'Brutus',1,33.0);
INSERT INTO SAILORS(SID,SNAME,RATING,AGE)
VALUES (31,'Lubber',8,55.5);
INSERT INTO SAILORS(SID,SNAME,RATING,AGE)
VALUES (32,'Andy',8,25.5);
INSERT INTO SAILORS(SID,SNAME,RATING,AGE)
VALUES (58,'Rusty',10,35.0);
INSERT INTO SAILORS(SID,SNAME,RATING,AGE)
VALUES (64,'Horatio',7,35.0);
INSERT INTO SAILORS(SID,SNAME,RATING,AGE)
VALUES (71,'Zorba',10,16.0);
INSERT INTO SAILORS(SID,SNAME,RATING,AGE)
VALUES (74,'Horatio',9,35.0);
INSERT INTO SAILORS(SID,SNAME,RATING,AGE)
VALUES (85,'Art',3,25.5);
INSERT INTO SAILORS(SID,SNAME,RATING,AGE)
VALUES (95,'Bob',3,63.5);

INSERT INTO BOATS(BID,BNAME,COLOR)
VALUES (101,'Interlake','Blue');
INSERT INTO BOATS(BID,BNAME,COLOR)
VALUES (102,'Interlake','Red');
INSERT INTO BOATS(BID,BNAME,COLOR)
VALUES (103,'Clipper','Green');
INSERT INTO BOATS(BID,BNAME,COLOR)
VALUES (104,'Marine','Red');

INSERT INTO RESERVES(SID,BID,DAY)
VALUES (22,101,to_date('10/10/98','dd/mm/yy'));
INSERT INTO RESERVES(SID,BID,DAY)
VALUES (22,102,to_date('10/10/98','dd/mm/yy'));
INSERT INTO RESERVES(SID,BID,DAY)
VALUES (22,103,to_date('10/08/98','dd/mm/yy'));
INSERT INTO RESERVES(SID,BID,DAY)
VALUES (22,104,to_date('10/07/98','dd/mm/yy'));
INSERT INTO RESERVES(SID,BID,DAY)
VALUES (31,102,to_date('11/10/98','dd/mm/yy'));
INSERT INTO RESERVES(SID,BID,DAY)
VALUES (31,103,to_date('11/06/98','dd/mm/yy'));
INSERT INTO RESERVES(SID,BID,DAY)
VALUES (31,104,to_date('11/12/98','dd/mm/yy'));
INSERT INTO RESERVES(SID,BID,DAY)
VALUES (64,101,to_date('09/05/98','dd/mm/yy'));
INSERT INTO RESERVES(SID,BID,DAY)
VALUES (64,102,to_date('09/08/98','dd/mm/yy'));
INSERT INTO RESERVES(SID,BID,DAY)
VALUES (74,103,to_date('09/08/98','dd/mm/yy'));


